,Emp ID,First_Name,Last_Name,DOB,SSN,state_abbr
0,214,Sarah,Simpson,12/04/1985,***-**-8166,FL
1,15,Samantha,Lara,09/08/1993,***-**-7526,CO
2,411,Stacy,Charles,12/20/1957,***-**-8526,PA
3,166,Michelle,Roy,07/29/1978,***-**-3944,MI
4,39,Joseph,Rogers,03/28/1985,***-**-3515,MN
5,423,Erica,Hines,10/13/1975,***-**-6153,NY
6,192,Zoe,Patel,12/20/1967,***-**-0817,WI
7,162,Matthew,Harvey,01/20/1990,***-**-0346,TN
8,131,Shawn,Davis,07/21/1961,***-**-1581,WV
9,20,April,Baldwin,08/07/1961,***-**-2014,MO
10,246,Vincent,Daniels,01/06/1972,***-**-2754,MT
11,525,Ann,Fields,08/22/1960,***-**-7911,IA
12,392,Jeffrey,Pearson,05/05/1979,***-**-2578,IL
13,474,Heather,Johnson,09/23/1989,***-**-0904,GA
14,478,Melissa,Fletcher,03/14/1979,***-**-6881,RI
15,101,Kimberly,Alvarez,09/04/1984,***-**-8680,LA
16,52,Monica,Jimenez,04/08/1988,***-**-1668,ND
17,182,Steven,Johnson,05/28/1962,***-**-7070,NE
18,637,Sarah,Wood,06/15/1972,***-**-6715,FL
19,510,Jesus,Petersen,03/28/1958,***-**-0770,OK
20,122,Rhonda,Rosales,04/10/1963,***-**-0286,AL
21,294,Nicole,Richardson,09/09/1981,***-**-5228,LA
22,327,Jennifer,Mendez,07/20/1977,***-**-1994,OR
23,145,Sandra,Petty,01/30/1981,***-**-7629,NC
24,565,Michael,Hester,04/13/1987,***-**-6836,SD
25,590,Joseph,Brown,08/28/1982,***-**-4744,NH
26,340,Michelle,Cooper,08/23/1993,***-**-2306,WA
27,176,Barbara,Wise,12/15/1991,***-**-7662,IN
28,63,Carol,Rosales,07/20/1984,***-**-4907,NJ
29,121,Mark,Villa,02/24/1969,***-**-2207,MS
30,70,Russell,Orozco,09/16/1973,***-**-5514,MS
31,446,Michelle,Sanchez,08/21/1994,***-**-5222,OK
32,156,Briana,Ayala,10/31/1965,***-**-4542,CT
33,343,Shane,Roberts,12/14/1958,***-**-6030,HI
34,599,Cassandra,Morris,01/24/1973,***-**-3831,MT
35,102,Krista,Thompson,07/25/1984,***-**-7445,KY
36,377,Jon,Bennett,09/13/1957,***-**-1689,NM
37,240,April,Thomas,12/03/1993,***-**-3580,CO
38,455,Haley,Martinez,01/15/1968,***-**-3736,ID
39,503,Isaac,Stafford,11/25/1989,***-**-5036,SD
40,269,John,Martinez,01/06/1987,***-**-3936,NH
41,219,John,Phillips,12/08/1982,***-**-4070,WV
42,301,Gary,Shelton,09/11/1978,***-**-9672,SD
43,84,Amanda,Gordon,10/12/1969,***-**-2966,ME
44,588,Jessica,Holt,09/12/1963,***-**-6084,NE
45,540,Stephanie,Estes,07/15/1966,***-**-9779,SD
46,329,Jessica,Brown,02/01/1992,***-**-7328,MS
47,74,Donna,Manning,05/19/1973,***-**-7781,NM
48,29,Nicholas,Owens,08/20/1991,***-**-7882,VA
49,92,Wendy,Ryan,05/13/1960,***-**-0741,AZ
50,489,Kimberly,Hooper,09/08/1971,***-**-3136,GA
51,561,Deborah,Gonzalez,05/28/1975,***-**-0643,MT
52,44,Laura,Yoder,04/18/1987,***-**-3016,IN
53,138,Kimberly,Velez,03/07/1958,***-**-0707,AZ
54,623,Kevin,Garcia,05/15/1973,***-**-4337,OK
55,173,Marcia,Jones,11/20/1972,***-**-0963,ND
56,148,Nicole,Baldwin,08/11/1978,***-**-5508,NV
57,184,Katherine,Juarez,02/13/1986,***-**-8687,CA
58,228,Paula,Thompson,09/22/1985,***-**-7734,NC
59,117,Joan,Hoover,02/27/1973,***-**-5429,NM
60,544,Stephen,Simon,11/28/1962,***-**-1621,NV
61,116,Rebecca,Taylor,09/30/1962,***-**-9126,MN
62,622,Lindsay,Owens,04/28/1973,***-**-6742,DE
63,376,Justin,Payne,07/03/1983,***-**-7892,AK
64,100,Michelle,Thornton,01/25/1961,***-**-4112,GA
65,222,Timothy,Hill,08/11/1985,***-**-4460,SC
66,506,Karen,Johnson,01/05/1976,***-**-5174,OH
67,59,Alexis,Mcintosh,03/01/1962,***-**-9185,KY
68,456,Susan,Fitzgerald,09/18/1961,***-**-3222,AL
69,389,Amber,Stewart,08/26/1958,***-**-3120,OH
70,236,Taylor,Evans,07/17/1983,***-**-2641,NJ
71,78,Tracy,Knight,09/27/1993,***-**-8339,ID
72,253,Jason,Parks,02/27/1981,***-**-2601,AZ
73,67,Jonathan,Carroll,06/15/1973,***-**-7126,SC
74,642,Sara,Wallace,06/21/1959,***-**-6918,MS
75,279,Jeffrey,Mitchell,05/23/1969,***-**-4559,UT
76,41,April,West,03/11/1986,***-**-9544,DE
77,30,Ryan,Reynolds,02/05/1973,***-**-2883,IN
78,462,Rachel,Bell,07/24/1989,***-**-1379,AL
79,87,Amber,Williamson,06/20/1984,***-**-4567,LA
80,26,Tony,Park,10/08/1968,***-**-7749,UT
81,553,Robert,Jefferson,10/04/1981,***-**-6302,OH
82,151,Sarah,Hernandez,07/05/1987,***-**-5549,WY
83,523,Margaret,Foley,12/19/1968,***-**-4633,CA
84,434,Tina,Christensen,03/01/1988,***-**-0333,TN
85,1,Isaac,Gomez,10/16/1987,***-**-4728,WY
86,365,Phillip,Davis,04/24/1961,***-**-5132,VT
87,230,Brian,Douglas,09/18/1979,***-**-9324,NV
88,357,Teresa,Wilson,08/12/1994,***-**-9378,IN
89,142,Timothy,Wilson,11/21/1993,***-**-1270,WV
90,606,Lori,Davies,08/21/1980,***-**-9489,AK
91,129,Brittany,Stone,11/21/1985,***-**-0950,CO
92,34,Matthew,Rogers,03/09/1974,***-**-2560,CA
93,190,Francisco,Gardner,08/18/1972,***-**-0367,WI
94,259,Ashley,Patrick,12/06/1979,***-**-7953,OR
95,471,Brandi,Frey,07/23/1979,***-**-2997,MD
96,362,Garrett,Kelley,12/20/1974,***-**-1192,PA
97,620,Robert,Barron,04/19/1985,***-**-0735,NE
98,299,Lee,Serrano,06/19/1967,***-**-0867,WV
99,213,Jessica,Vance,04/30/1959,***-**-9076,DE
100,427,Russell,Ashley,02/15/1973,***-**-2395,OH
101,105,Catherine,Richardson,10/03/1989,***-**-2969,WY
102,260,Sheri,Hamilton,03/12/1986,***-**-9319,NH
103,547,Craig,Strickland,02/27/1968,***-**-3498,ND
104,28,Brandon,Hall,09/30/1969,***-**-6416,AK
105,486,Karla,Adams,11/18/1962,***-**-7524,VT
106,300,Ernest,Washington,07/15/1990,***-**-9800,FL
107,501,John,Owens,05/15/1989,***-**-7554,MT
108,584,Roberto,Farmer,05/04/1968,***-**-3936,LA
109,453,Tom,Bailey,01/24/1980,***-**-1663,IA
110,16,Jennifer,White,01/17/1966,***-**-1698,MI
111,185,Courtney,Mendez,11/25/1961,***-**-8268,NE
112,223,Jasmine,Miller,05/13/1971,***-**-2427,MD
113,290,Amy,Bryan,06/24/1969,***-**-2636,CA
114,71,Melvin,Pruitt,05/06/1994,***-**-4970,AK
115,73,Amanda,Carrillo,10/25/1957,***-**-8942,MS
116,549,Anthony,Nguyen,03/10/1987,***-**-6484,ND
117,359,Kaitlyn,Charles,11/23/1965,***-**-7712,NH
118,631,Rebecca,Pollard,03/17/1977,***-**-9010,FL
119,585,James,Jackson,09/02/1987,***-**-8491,ME
120,641,Gina,Jones,02/05/1964,***-**-3596,HI
121,564,Tyler,Woodward,05/06/1983,***-**-7298,KS
122,149,Hannah,Schultz,12/28/1984,***-**-7228,NY
123,430,Anthony,Sims,04/20/1976,***-**-1311,CT
124,587,Jessica,Wallace,05/02/1981,***-**-7152,WI
125,420,Jonathan,Pearson,01/03/1980,***-**-7840,VT
126,625,Richard,Hunt,09/17/1987,***-**-9513,IN
127,319,Madison,Ballard,03/11/1966,***-**-3750,DE
128,18,Kathryn,Blair,08/07/1993,***-**-8028,GA
129,535,Kristina,Patterson,03/28/1958,***-**-5885,CT
130,417,Kathryn,Bryant,04/09/1957,***-**-8017,CO
131,391,Jerry,Ayala,03/02/1982,***-**-9737,WA
132,274,Karen,Rodriguez,07/30/1994,***-**-3813,CT
133,270,Daniel,Jacobs,04/24/1972,***-**-6724,TX
134,537,Stephanie,Campbell,08/30/1968,***-**-3547,TN
135,341,Michael,Pacheco,04/29/1977,***-**-6378,LA
136,402,Steven,Garcia,04/01/1991,***-**-9437,MT
137,476,Brenda,Hall,07/15/1957,***-**-7869,TX
138,367,Rhonda,Smith,06/27/1969,***-**-5595,ME
139,407,Tracy,Francis,01/26/1960,***-**-8950,VT
140,280,Dawn,Fernandez,04/14/1981,***-**-9216,NE
141,524,Matthew,Wells,08/29/1958,***-**-2780,FL
142,57,Joel,Walker,09/20/1979,***-**-6637,FL
143,312,Paula,Shea,08/15/1978,***-**-1746,OH
144,649,Paul,Bell,05/23/1976,***-**-7411,WI
145,488,Frederick,Roberson,01/02/1978,***-**-0114,MI
146,139,Melissa,Armstrong,03/17/1959,***-**-9454,OR
147,412,Jennifer,Alexander,01/15/1969,***-**-9026,AK
148,5,Cassandra,Perez,09/02/1986,***-**-1151,IL
149,153,Anthony,Austin,12/17/1965,***-**-9162,WI
150,321,Cynthia,Jones,08/11/1976,***-**-3428,RI
151,541,Oscar,Bernard,04/07/1990,***-**-5243,IL
152,406,Amanda,Hendrix,11/19/1980,***-**-7721,AR
153,204,Vincent,Henry,08/22/1961,***-**-5624,UT
154,567,Lauren,Bush,12/19/1976,***-**-3299,GA
155,187,Stacey,Bates,06/17/1961,***-**-1470,CA
156,460,Amanda,Khan,04/16/1971,***-**-9388,NE
157,212,Amanda,Sutton,12/07/1973,***-**-2368,AR
158,617,Joshua,Li,03/20/1992,***-**-6050,ID
159,353,Becky,Kennedy,04/05/1987,***-**-4807,MI
160,383,Laura,Espinoza,09/04/1978,***-**-5712,FL
161,91,Joshua,Murphy,12/31/1970,***-**-7318,WI
162,429,Randall,Bowen,04/11/1969,***-**-0666,TX
163,40,Michelle,Pham,07/31/1979,***-**-2595,SC
164,298,Emily,Thomas,07/10/1974,***-**-6906,RI
165,400,Jessica,Kelley,12/15/1976,***-**-4271,KY
166,480,Jeffrey,Brown,12/23/1968,***-**-7392,WA
167,375,Jennifer,Keith,11/24/1990,***-**-2614,AR
168,626,Joshua,Romero,10/14/1979,***-**-4169,NM
169,97,Frank,Walker,12/13/1976,***-**-5611,AZ
170,291,Cody,Lindsey,01/29/1965,***-**-8099,AL
171,614,Cody,Baker,03/09/1979,***-**-5896,VT
172,552,Jaclyn,Wall,12/13/1985,***-**-5336,SD
173,338,Kaitlyn,Roy,06/15/1965,***-**-0939,MN
174,513,Allison,Lee,04/04/1994,***-**-8932,UT
175,231,Heather,Patterson,06/08/1969,***-**-2886,WV
176,443,Carrie,Thomas,08/08/1980,***-**-8236,MA
177,140,David,Gutierrez,08/14/1967,***-**-9234,NE
178,96,Harold,Robinson,08/20/1965,***-**-7098,NM
179,531,Alex,Graham,11/27/1978,***-**-6911,KY
180,403,Steven,Thompson,01/01/1978,***-**-0637,NJ
181,580,Barbara,Martin,11/11/1971,***-**-5120,NE
182,113,Theresa,Cochran,02/23/1976,***-**-2404,IA
183,289,Michael,Madden,09/05/1964,***-**-2946,CO
184,247,Brian,Chase,05/01/1989,***-**-3628,AZ
185,472,Carolyn,Rodriguez,11/16/1962,***-**-2185,RI
186,582,Breanna,Williams,06/03/1994,***-**-8593,NC
187,265,Anne,Cook,11/11/1981,***-**-8560,NY
188,281,Tara,Bowers,09/22/1975,***-**-7048,NY
189,330,Joyce,Hall,10/10/1980,***-**-4819,VA
190,372,Sydney,George,01/24/1959,***-**-8264,FL
191,628,Lindsay,Williams,09/19/1977,***-**-4792,NV
192,445,Darrell,Thomas,03/14/1986,***-**-2653,UT
193,316,Thomas,Knight,08/07/1965,***-**-2441,NJ
194,499,Carolyn,Diaz,04/20/1991,***-**-2117,DE
195,528,Karen,Ball,04/13/1986,***-**-9411,ND
196,242,Ronald,Richardson,04/20/1988,***-**-6742,GA
197,632,Donna,Williams,09/01/1986,***-**-3144,MS
198,313,Molly,Wright,02/23/1991,***-**-7938,WA
199,89,Jeffrey,Mcintyre,06/02/1974,***-**-8359,KS
200,130,Tabitha,Parks,01/19/1975,***-**-8386,IA
201,3,Melissa,Padilla,12/08/1982,***-**-9382,MT
202,586,George,Harris,11/15/1979,***-**-2111,AZ
203,355,Cheryl,Hancock,09/03/1993,***-**-2522,ID
204,532,Jeffrey,Paul,01/12/1972,***-**-0457,MT
205,326,Wendy,Jones,04/20/1979,***-**-4078,NY
206,225,Elizabeth,Johnson,12/01/1981,***-**-8375,AR
207,191,Charles,Green,05/22/1990,***-**-9288,SC
208,444,Jeffrey,Cooper,12/14/1970,***-**-7671,MD
209,490,Judith,Brooks,01/25/1971,***-**-6779,IN
210,609,Amanda,Ramsey,04/10/1971,***-**-2683,SC
211,47,Stephen,Oliver,12/27/1984,***-**-5500,CA
212,508,Nancy,Rodriguez,02/13/1988,***-**-1027,MD
213,388,Joshua,Powers,05/13/1971,***-**-4897,FL
214,331,Lisa,Stein,02/07/1980,***-**-2075,CA
215,264,Jessica,Martin,08/18/1967,***-**-8568,NV
216,589,George,Hardy,04/17/1990,***-**-4162,NM
217,278,Jonathan,Carney,11/08/1990,***-**-0506,CO
218,526,Carol,Robertson,02/01/1959,***-**-6248,IL
219,205,Susan,Zhang,03/18/1983,***-**-5874,CT
220,199,Christopher,Cameron,08/30/1969,***-**-1053,NY
221,550,Paul,Ramsey,05/14/1990,***-**-6565,MD
222,103,David,Torres,03/26/1971,***-**-5176,MS
223,465,Barbara,Roberts,10/22/1993,***-**-9440,KS
224,348,Nicholas,Dunn,05/22/1985,***-**-1196,MD
225,158,John,Long,10/09/1966,***-**-8394,NE
226,361,Shelby,Porter,01/09/1992,***-**-7391,ME
227,610,Judith,Robinson,08/29/1973,***-**-3792,FL
228,235,Justin,Holt,09/19/1969,***-**-2854,WY
229,442,Laura,Valdez,09/14/1988,***-**-2068,IL
230,215,Jesse,Rosales,12/29/1989,***-**-0642,WV
231,17,Amy,Duran,04/02/1992,***-**-5581,MN
232,363,Joshua,Williams,11/06/1976,***-**-1375,IN
233,438,Robert,Davis,03/28/1986,***-**-0776,NE
234,111,Lisa,Houston,06/27/1966,***-**-5946,OH
235,396,Timothy,Williams,11/27/1978,***-**-5842,IL
236,255,Kim,Finley,03/09/1973,***-**-6351,SC
237,226,Andrew,Lopez,06/11/1962,***-**-7248,TN
238,652,Veronica,Herrera,10/22/1958,***-**-4723,IA
239,64,Bob,Murphy,01/14/1982,***-**-8100,SD
240,415,Timothy,Duncan,09/25/1977,***-**-7493,IN
241,354,David,Sandoval,11/26/1985,***-**-6963,WV
242,517,Tony,Graves,10/19/1980,***-**-5360,ID
243,292,Andrea,Fuller,07/17/1981,***-**-0698,WA
244,579,William,Carney,06/16/1974,***-**-3440,WY
245,181,Daniel,Dominguez,11/15/1992,***-**-9595,KY
246,556,David,Franco,10/30/1983,***-**-2451,NY
247,351,Justin,Ortiz,01/29/1961,***-**-6761,AK
248,405,Sara,Jarvis,07/23/1964,***-**-3953,WV
249,647,Adam,Green,05/09/1988,***-**-5674,TN
250,646,Debra,Flores,04/02/1969,***-**-7111,KS
251,79,Jennifer,Adams,12/04/1988,***-**-1210,RI
252,371,Lori,Sosa,06/14/1988,***-**-7062,MI
253,542,Cory,Mora,03/27/1985,***-**-0325,NV
254,261,Denise,Hughes,09/20/1966,***-**-7879,UT
255,368,Anthony,Jenkins,09/05/1957,***-**-0437,MA
256,439,Leonard,Soto,10/17/1986,***-**-1991,NE
257,82,Donald,Todd,07/16/1960,***-**-6930,MI
258,431,Christopher,Long,08/24/1979,***-**-2737,VT
259,155,Donald,Pierce,02/27/1976,***-**-1562,NJ
260,189,Matthew,Sullivan,02/25/1986,***-**-6697,MS
261,393,Brianna,Stevens,06/11/1965,***-**-4666,MT
262,451,Jacqueline,Villegas,02/13/1981,***-**-8948,SC
263,22,Mary,Diaz,02/18/1964,***-**-8701,GA
264,470,Steven,Taylor,12/01/1985,***-**-1803,NH
265,384,Edward,Jimenez,08/19/1980,***-**-1355,KY
266,7,John,Joseph,01/07/1992,***-**-0413,PA
267,258,Jared,Fletcher,07/16/1977,***-**-9304,VT
268,568,Kathleen,Hill,02/04/1970,***-**-3356,NH
269,56,Johnny,Warner,08/16/1965,***-**-4164,NH
270,621,Frank,Smith,02/08/1971,***-**-1100,IL
271,49,Stephanie,Thompson,03/26/1957,***-**-6249,RI
272,397,Angela,Cannon,09/13/1992,***-**-3459,KS
273,36,Trevor,Robinson,04/26/1967,***-**-3462,WV
274,33,Gregory,Powers,05/19/1969,***-**-8879,KS
275,224,Michael,Sparks,11/03/1982,***-**-6809,NC
276,634,George,Flores,01/31/1989,***-**-0195,IA
277,144,Michael,Hall,01/22/1986,***-**-0161,AZ
278,491,Susan,Williamson,05/27/1973,***-**-0355,IN
279,309,Luis,Norton,05/11/1988,***-**-6955,WI
280,211,Victoria,Pearson,03/07/1990,***-**-5518,ND
281,475,Roger,Nichols,01/13/1976,***-**-4515,OR
282,493,Jenny,Mills,11/10/1983,***-**-1434,WI
283,128,Joshua,Moore,09/30/1965,***-**-8369,PA
284,262,James,Carr,02/25/1979,***-**-8546,AL
285,597,David,Lane,04/21/1974,***-**-4614,MN
286,325,Beth,Reese,04/30/1961,***-**-1223,PA
287,573,Lindsay,Thompson,09/24/1986,***-**-1306,KS
288,55,Amber,Taylor,04/27/1982,***-**-6610,NY
289,132,Oscar,Yates,04/03/1977,***-**-0620,IL
290,401,Anthony,Cooper,06/04/1994,***-**-2490,CA
291,483,Tracie,Harrison,07/01/1983,***-**-7833,DE
292,424,Corey,Herrera,11/08/1970,***-**-3228,OR
293,188,Anthony,Kim,11/04/1981,***-**-7043,WY
294,272,Kendra,Marshall,09/11/1967,***-**-2658,IN
295,545,Debbie,Chang,02/17/1993,***-**-8022,PA
296,193,Miranda,Simmons,03/27/1964,***-**-2359,IL
297,593,Catherine,Murphy,08/11/1968,***-**-6401,RI
298,463,Nicholas,Shelton,06/07/1984,***-**-0704,GA
299,334,Laura,Winters,07/05/1969,***-**-4775,GA
300,596,Jill,Barr,04/07/1983,***-**-7889,MN
301,373,Lauren,Ritter,12/26/1970,***-**-7600,KS
302,635,Anthony,Short,06/07/1986,***-**-6004,WY
303,315,Patrick,Yates,05/07/1967,***-**-4036,NC
304,120,Brett,Mitchell,01/20/1976,***-**-8337,WI
305,110,Andrea,Boone,02/05/1983,***-**-1089,CO
306,68,Charles,Alvarez,02/01/1993,***-**-5142,MT
307,14,Jeff,Garner,12/21/1978,***-**-2191,MA
308,200,Natalie,Williams,06/14/1971,***-**-2753,MA
309,62,Tracy,King,11/17/1969,***-**-0822,NC
310,263,Michael,Huang,02/14/1990,***-**-6162,SC
311,257,Ray,Miller,03/09/1968,***-**-5774,CA
312,61,Tracey,Powers,04/28/1976,***-**-5107,WY
313,107,Alexander,Moore,07/05/1992,***-**-4136,HI
314,322,Lisa,Fisher,01/05/1977,***-**-4670,NM
315,2,Tamara,Gentry,04/03/1987,***-**-7430,SC
316,81,Christopher,Fitzgerald,04/19/1992,***-**-7096,MA
317,337,Jose,Olson,01/20/1991,***-**-7256,PA
318,93,Carrie,Wallace,02/07/1966,***-**-8007,GA
319,366,Crystal,Smith,04/30/1991,***-**-6884,NY
320,287,Caroline,Edwards,10/20/1959,***-**-7816,NV
321,66,Carol,Baker,08/01/1959,***-**-8196,OR
322,243,Alexandra,Ward,12/27/1973,***-**-3414,AR
323,603,Krystal,Townsend,05/15/1990,***-**-6839,AZ
324,277,Melanie,Elliott,06/21/1976,***-**-2869,MN
325,583,Tracey,Barajas,01/09/1973,***-**-9722,AR
326,268,Eric,Barker,12/09/1976,***-**-2136,GA
327,234,Olivia,Elliott,09/15/1991,***-**-7631,NM
328,320,Daniel,Reed,12/24/1969,***-**-3333,NJ
329,461,Roberto,Pierce,07/03/1964,***-**-9982,MO
330,232,Lawrence,Stewart,06/15/1987,***-**-1303,MO
331,13,Michael,Snow,02/17/1965,***-**-2820,KS
332,108,Ashley,Cruz,09/09/1973,***-**-3168,MA
333,216,Jesus,Hobbs,12/10/1975,***-**-2648,MS
334,304,Jody,Riley,01/08/1978,***-**-6681,CT
335,94,Joseph,Scott,11/23/1993,***-**-4445,MD
336,171,Eric,Sullivan,01/05/1993,***-**-8141,SC
337,466,Christopher,Cervantes,11/09/1975,***-**-7919,VT
338,498,Jennifer,Leon,02/03/1959,***-**-2413,AR
339,180,Victor,Fuentes,12/07/1957,***-**-5844,WA
340,9,Christine,Marshall,12/05/1972,***-**-6538,AL
341,170,Amanda,Garcia,12/03/1961,***-**-1013,NJ
342,172,Nancy,Holloway,03/13/1983,***-**-4965,AK
343,46,Kimberly,Banks,07/03/1990,***-**-7861,AZ
344,576,Laura,King,06/04/1971,***-**-5040,AZ
345,11,Robert,Mendoza,04/23/1982,***-**-0627,IA
346,80,Jessica,Black,12/11/1981,***-**-6296,KY
347,77,Cynthia,Duffy,07/08/1990,***-**-0500,NC
348,555,Aaron,Henry,10/15/1978,***-**-3379,MI
349,95,Autumn,Peterson,01/02/1965,***-**-9763,OK
350,595,Danielle,Murphy,08/15/1963,***-**-0413,TX
351,543,Deborah,Hoffman,10/20/1986,***-**-9690,MT
352,227,Kathy,Palmer,07/19/1972,***-**-3934,AR
353,572,Tim,Smith,04/22/1967,***-**-8047,NC
354,387,Renee,Campbell,11/09/1970,***-**-2594,MO
355,380,Bryan,Mcdaniel,04/19/1959,***-**-4659,FL
356,203,Rhonda,Flores,12/13/1974,***-**-3754,WV
357,636,Jonathan,Wright,06/17/1963,***-**-8490,MO
358,256,Sydney,King,01/12/1977,***-**-5923,FL
359,85,Janet,Gonzales,12/08/1972,***-**-0243,UT
360,520,Steve,Russell,08/19/1978,***-**-9820,WA
361,233,Craig,Pennington,12/25/1957,***-**-8248,ND
362,410,Andrew,Thomas,04/11/1963,***-**-7838,MA
363,485,Miguel,Woods,06/10/1992,***-**-1852,ME
364,630,Samuel,Anderson,03/02/1969,***-**-9480,SC
365,295,Cynthia,Clarke,05/29/1962,***-**-8148,MA
366,487,Adam,Mcgrath,06/20/1960,***-**-3185,AK
367,616,Courtney,Oconnell,04/03/1984,***-**-3672,SD
368,435,Brandon,Hudson,08/07/1966,***-**-4780,IL
369,349,Rachel,Lewis,02/06/1985,***-**-5213,GA
370,557,Manuel,Rodriguez,03/07/1981,***-**-0042,WA
371,425,Gregory,Wilkinson,08/23/1984,***-**-6395,NC
372,273,Donna,Lopez,08/03/1962,***-**-6360,NH
373,69,David,Scott,03/10/1992,***-**-0749,MS
374,571,Gregory,Maxwell,11/21/1977,***-**-7057,NV
375,169,Daniel,Wilkins,09/24/1975,***-**-4870,MS
376,495,Jonathan,Henry,06/08/1989,***-**-2026,MT
377,350,Heather,Shepherd,09/17/1984,***-**-2527,WA
378,395,Cindy,Munoz,10/30/1986,***-**-0435,NH
379,75,Dalton,Bowman,12/24/1977,***-**-8792,ME
380,244,Jon,Clark,06/18/1967,***-**-8771,TN
381,509,Amber,Meyer,09/04/1983,***-**-5604,LA
382,339,Steven,Madden,06/18/1972,***-**-9767,IN
383,534,Victoria,Lewis,01/04/1971,***-**-6283,WA
384,419,Karl,Dudley,12/14/1974,***-**-6649,TX
385,386,Alicia,Stone,12/24/1966,***-**-8324,CO
386,328,Max,Mckay,08/17/1960,***-**-4918,SC
387,612,Richard,Brown,06/30/1979,***-**-0117,MT
388,502,Heather,Case,12/22/1971,***-**-1698,AR
389,390,Amy,Gonzalez,10/12/1965,***-**-2150,UT
390,404,Brandon,Armstrong,12/12/1973,***-**-5658,AZ
391,159,Terrance,Ewing,01/15/1981,***-**-5340,VA
392,115,Jessica,Boyd,04/27/1960,***-**-9784,VA
393,422,Corey,Taylor,03/09/1966,***-**-4578,MS
394,250,Frank,Blankenship,11/17/1958,***-**-3591,MS
395,638,Monica,Montgomery,10/14/1975,***-**-3158,MS
396,414,Tammy,Patrick,09/07/1961,***-**-7381,NM
397,127,Corey,Sawyer,08/13/1982,***-**-9114,DE
398,440,Linda,Anthony,01/23/1994,***-**-7298,SD
399,594,Travis,Patrick,10/12/1967,***-**-7968,TN
400,114,Linda,Davis,08/08/1975,***-**-0620,CT
401,109,Anthony,Adams,02/09/1962,***-**-1396,VT
402,515,Christopher,Johnson,11/03/1959,***-**-5547,CT
403,31,Tracy,Austin,08/06/1980,***-**-1904,RI
404,605,Matthew,Woodward,03/26/1978,***-**-6667,ID
405,421,Donna,Cole,01/19/1973,***-**-3401,NY
406,536,Alexis,Allen,08/11/1963,***-**-6449,TN
407,267,Stephen,Parker,03/18/1967,***-**-9288,CO
408,210,Nicole,Johnson,05/01/1963,***-**-0265,PA
409,560,Daniel,Green,06/16/1976,***-**-7915,AK
410,302,Dylan,Adams,04/16/1966,***-**-4597,CO
411,640,Jason,Davis,06/06/1970,***-**-5627,LA
412,449,Jennifer,Conrad,10/08/1973,***-**-2874,WY
413,202,Stephen,Dawson,06/30/1985,***-**-5741,AZ
414,168,Douglas,Smith,04/07/1981,***-**-9028,MA
415,119,Diane,Gray,10/26/1968,***-**-1654,HI
416,613,Benjamin,Gordon,07/26/1974,***-**-3940,CO
417,473,Stephanie,Miller,09/08/1983,***-**-8885,LA
418,615,Lynn,Stout,09/17/1973,***-**-6531,ME
419,10,Malik,Scott,02/02/1958,***-**-4261,ID
420,86,David,Brown,07/28/1973,***-**-5706,OK
421,500,Nathan,Jenkins,01/11/1968,***-**-6468,WI
422,38,Maria,Bryant,07/17/1970,***-**-3505,MA
423,633,Michael,Griffin,09/15/1963,***-**-4120,WA
424,530,Nathan,Smith,04/17/1979,***-**-9334,CA
425,177,James,Jackson,06/01/1958,***-**-4595,CA
426,266,Erika,Jones,02/02/1977,***-**-1552,AL
427,4,Stephanie,Leon,04/06/1967,***-**-0580,DE
428,12,Anthony,Walker,12/25/1969,***-**-5284,RI
429,477,Richard,Brooks,10/17/1962,***-**-5295,KY
430,575,Matthew,Bishop,06/10/1973,***-**-9588,NJ
431,37,Anthony,Thompson,10/04/1990,***-**-1051,MA
432,360,Justin,Garcia,09/21/1961,***-**-6120,NC
433,134,Miguel,Garcia,12/21/1964,***-**-5477,OH
434,416,Jeffrey,Randolph,09/24/1976,***-**-2699,IN
435,45,Raymond,Tran,04/09/1957,***-**-8575,FL
436,441,Brandon,Webb,09/10/1966,***-**-8353,UT
437,323,Brandon,Petersen,07/06/1982,***-**-1657,TN
438,58,Bryce,Ball,07/03/1994,***-**-1674,AZ
439,639,Blake,Watkins,02/25/1973,***-**-0572,NC
440,484,Gregory,Morales,08/21/1960,***-**-5605,CO
441,50,Alyssa,Wall,08/24/1964,***-**-2643,WA
442,533,Cynthia,Garcia,11/11/1960,***-**-2024,ID
443,611,Amber,Williams,12/03/1969,***-**-7515,NM
444,563,Steve,Stark,07/02/1957,***-**-7390,MI
445,562,Charles,Baird,02/29/1968,***-**-2710,FL
446,559,Mackenzie,Hall,02/28/1990,***-**-6862,AL
447,481,Aaron,King,05/29/1964,***-**-8792,SD
448,195,Joshua,Perez,02/08/1984,***-**-1226,GA
449,186,Alexander,Valdez,10/24/1975,***-**-7833,ND
450,160,Ashley,Santos,06/18/1983,***-**-4884,AL
451,143,Joshua,Stephens,04/11/1988,***-**-9528,VT
452,492,Steven,Long,08/18/1994,***-**-4594,TX
453,6,Jack,Jackson,07/05/1975,***-**-4734,NY
454,88,Roberto,Leonard,01/20/1992,***-**-8779,MA
455,161,Michael,Park,06/05/1981,***-**-4033,NM
456,83,Carl,Reeves,12/11/1965,***-**-8325,LA
457,254,Paul,Lee,07/22/1976,***-**-7697,IN
458,464,Kathryn,Ramirez,08/04/1960,***-**-0099,OH
459,284,Daniel,Medina,10/31/1973,***-**-8215,MS
460,25,Jesse,Gomez,01/30/1961,***-**-3664,SC
461,218,Brandon,Good,08/01/1991,***-**-5586,VA
462,99,Sandra,Suarez,06/08/1974,***-**-7890,GA
463,356,Jeffrey,Stevenson,12/07/1957,***-**-3851,CT
464,317,Richard,Mcdonald,02/21/1957,***-**-8008,ND
465,229,Joanna,Castillo,03/07/1984,***-**-1576,IN
466,581,Angelica,Reyes,06/06/1992,***-**-7139,AR
467,452,Jennifer,Wright,03/06/1976,***-**-3901,NM
468,518,James,Porter,06/30/1957,***-**-1319,CA
469,479,Krystal,Brown,01/31/1961,***-**-8909,TX
470,245,Christopher,Reyes,02/01/1981,***-**-4713,IN
471,653,Luis,Lewis,07/18/1965,***-**-3601,HI
472,19,Lynn,Owens,03/24/1985,***-**-8776,RI
473,650,Anthony,Phillips,12/12/1960,***-**-3754,NJ
474,137,Jessica,Mcdonald,12/29/1970,***-**-2911,MS
475,619,Michelle,Allen,09/13/1972,***-**-8147,TN
476,654,Victor,Webb,01/17/1959,***-**-2267,TN
477,201,Martin,Melton,04/06/1972,***-**-7978,NY
478,165,Pamela,Miles,11/15/1962,***-**-5312,NC
479,310,Christopher,Compton,09/05/1958,***-**-6855,SC
480,141,Annette,Rice,03/15/1959,***-**-1866,FL
481,600,Travis,Meza,01/10/1974,***-**-4313,NJ
482,529,Brian,Baker,07/28/1976,***-**-2839,IL
483,369,Sharon,Lee,10/23/1967,***-**-7596,DE
484,32,Brian,Sparks,02/14/1967,***-**-8194,HI
485,522,Dana,Ryan,10/10/1962,***-**-3761,VA
486,651,Maria,Stevens,05/12/1958,***-**-9113,CA
487,608,Julia,Berry,06/17/1960,***-**-3759,NH
488,336,Sarah,Williams,09/12/1964,***-**-3882,IA
489,516,Trevor,Short,07/29/1980,***-**-2488,ND
490,514,Michael,Johnson,04/11/1962,***-**-6015,ME
491,426,Louis,Cross,11/13/1959,***-**-7111,CO
492,497,Ryan,Smith,04/24/1964,***-**-2228,OK
493,468,Joan,Carter,01/06/1964,***-**-8092,KY
494,24,Karen,Franklin,06/17/1967,***-**-4888,VT
495,221,Christian,Palmer,04/30/1992,***-**-6104,AL
496,217,Kristopher,Smith,10/20/1982,***-**-3545,HI
497,399,Cheryl,Velez,07/21/1963,***-**-3300,TN
498,285,Jeffrey,Harris,12/20/1993,***-**-9625,MS
499,21,Jamie,Doyle,06/11/1984,***-**-1529,NV
500,447,Adam,Sims,12/20/1973,***-**-6337,ID
501,601,Joshua,Griffith,08/01/1984,***-**-3344,HI
502,378,Donald,Koch,10/02/1989,***-**-5788,CT
503,548,Wendy,Leonard,03/18/1957,***-**-7962,HI
504,42,Dana,Hubbard,08/06/1980,***-**-4700,FL
505,344,Brett,Carson,02/27/1970,***-**-5338,OK
506,252,Erica,Peters,11/05/1980,***-**-0341,SC
507,428,William,Carter,01/31/1989,***-**-1954,VT
508,220,Karen,Taylor,01/29/1986,***-**-6243,AZ
509,118,Virginia,Cobb,12/04/1978,***-**-9307,MI
510,618,Tamara,Watson,08/18/1968,***-**-6329,NJ
511,370,John,Middleton,07/24/1983,***-**-7354,OR
512,23,Alex,Cruz,12/23/1964,***-**-4744,CT
513,511,Theresa,Crawford,01/08/1973,***-**-9276,IL
514,43,Glenn,Chavez,11/29/1970,***-**-5246,NE
515,311,Carrie,Davis,07/16/1963,***-**-7399,WI
516,136,Michael,Haynes,09/13/1974,***-**-3346,NE
517,72,Michele,Arellano,04/12/1981,***-**-5875,IN
518,65,Gina,Stevens,04/05/1992,***-**-2359,PA
519,577,Elizabeth,Hatfield,04/07/1959,***-**-7821,NM
520,35,Michael,Reyes,07/21/1958,***-**-1842,FL
521,296,Spencer,Wilson,09/18/1959,***-**-7753,IN
522,578,Kevin,Smith,08/26/1992,***-**-8582,IN
523,98,Steven,Giles,11/19/1980,***-**-2061,VA
524,569,Mario,Butler,05/03/1979,***-**-3035,MA
525,248,Billy,Romero,01/29/1958,***-**-3100,VT
526,433,Katie,Miller,07/09/1970,***-**-7579,MA
527,307,William,Salinas,04/24/1983,***-**-6013,MO
528,398,Kendra,Alvarado,10/07/1957,***-**-0633,CA
529,60,Kimberly,Wright,03/20/1979,***-**-9022,OH
530,282,Judy,Nelson,10/17/1968,***-**-2012,NV
531,436,Alexandra,Golden,04/08/1978,***-**-3418,ND
532,318,Patricia,Park,07/28/1965,***-**-5775,CO
533,494,Kylie,Chavez,01/10/1965,***-**-3816,CT
534,644,Randy,Edwards,06/29/1980,***-**-9087,OR
535,413,Glenda,Hebert,05/18/1987,***-**-7625,NY
536,345,Erin,Garrett,04/29/1980,***-**-5815,SD
537,123,Donna,Floyd,03/30/1957,***-**-1819,SD
538,208,Brandon,Watson,02/12/1974,***-**-3375,PA
539,346,Paul,Patterson,02/22/1985,***-**-4729,PA
540,385,Hannah,Henderson,12/21/1960,***-**-5897,PA
541,454,Autumn,Smith,07/24/1974,***-**-7279,CA
542,209,Steven,Contreras,05/31/1986,***-**-6852,DE
543,271,Miguel,Russell,09/25/1986,***-**-0302,UT
544,152,Kim,Martin,08/03/1964,***-**-3452,SC
545,283,Heidi,Proctor,01/31/1993,***-**-9545,OH
546,592,Nicholas,May,06/19/1976,***-**-8728,KS
547,469,Michael,Nunez,06/22/1982,***-**-9379,WV
548,306,Gregory,Bowen,07/05/1981,***-**-1510,OH
549,237,Jennifer,Juarez,06/30/1969,***-**-9009,OK
550,457,April,Williamson,10/25/1990,***-**-8318,KS
551,293,Francisco,Smith,08/12/1972,***-**-1836,ND
552,374,Roger,Taylor,11/02/1975,***-**-6293,GA
553,276,Gabriela,Williams,01/10/1976,***-**-5792,AZ
554,112,Stephanie,Pittman,12/05/1965,***-**-0840,MD
555,333,Sarah,Porter,08/09/1962,***-**-3997,AZ
556,546,Ernest,Cooper,09/24/1971,***-**-2003,NJ
557,496,Alexandra,Fisher,03/06/1976,***-**-2206,AK
558,504,Henry,Turner,11/20/1984,***-**-7954,OK
559,126,Charles,Rogers,08/31/1984,***-**-8407,NV
560,418,Keith,Lynch,02/26/1988,***-**-4803,IA
561,566,Lindsay,Bowman,08/24/1972,***-**-8895,AL
562,249,Jennifer,Lutz,07/05/1990,***-**-2943,RI
563,624,Mark,Mills,11/20/1962,***-**-7406,AR
564,358,Dawn,Thomas,08/05/1960,***-**-0942,NC
565,197,Keith,Tyler,05/10/1975,***-**-7953,MO
566,538,Joseph,Smith,03/12/1960,***-**-3836,LA
567,164,Michael,Dudley,03/10/1966,***-**-3459,SD
568,450,Blake,Bowman,01/17/1961,***-**-8076,ND
569,602,Amy,Graves,08/22/1994,***-**-9448,SC
570,239,Robert,Hill,10/03/1968,***-**-8902,AR
571,627,Robert,Davis,08/13/1988,***-**-5405,MD
572,459,Tammy,Horton,03/06/1981,***-**-0677,RI
573,394,Allison,Watkins,03/27/1992,***-**-1605,NV
574,554,James,Mathis,11/29/1989,***-**-3276,IA
575,90,Sabrina,Shelton,02/03/1958,***-**-2668,ID
576,364,Rachel,Coleman,10/26/1983,***-**-7638,SD
577,574,William,Cantrell,08/17/1973,***-**-4706,CA
578,607,Donna,Carroll,09/16/1968,***-**-9127,MA
579,157,Tammy,Harris,01/26/1961,***-**-8283,OH
580,241,Debra,Pena,10/16/1957,***-**-9872,MN
581,558,James,Reilly,03/01/1957,***-**-7935,SD
582,324,Robert,Krause,03/11/1957,***-**-5246,NM
583,183,Chad,Crawford,11/05/1990,***-**-0638,IL
584,381,Luke,Huerta,01/05/1986,***-**-5912,MI
585,505,Corey,Long,09/06/1978,***-**-9787,MO
586,437,Joshua,Flores,10/30/1987,***-**-5727,NE
587,135,Jeffery,Collins,06/01/1993,***-**-4791,KY
588,27,Michael,Clements,01/03/1994,***-**-6223,NC
589,48,Christopher,Williams,02/23/1977,***-**-6535,HI
590,286,Laura,Mata,10/22/1966,***-**-5794,AL
591,308,Jessica,Campbell,09/16/1968,***-**-2121,FL
592,163,Kristy,Hebert,11/12/1973,***-**-9892,WA
593,275,Rachel,Silva,11/19/1974,***-**-3474,ND
594,521,Tyrone,Dean,01/31/1986,***-**-5932,VA
595,53,Angela,White,02/17/1963,***-**-2921,ME
596,539,Teresa,Bell,05/12/1975,***-**-1580,IN
597,482,Edwin,Williams,07/27/1981,***-**-6206,PA
598,342,Hannah,Hicks,06/05/1978,***-**-9383,LA
599,150,Kevin,Rivera,03/14/1994,***-**-8418,DE
600,448,Trevor,Jones,07/28/1959,***-**-5747,OR
601,604,Emily,Silva,04/24/1989,***-**-5242,MN
602,154,Emma,Thomas,02/25/1960,***-**-2668,ND
603,591,Lisa,Myers,07/22/1980,***-**-7446,WI
604,196,Jennifer,King,02/04/1975,***-**-2581,MD
605,507,Dylan,Walker,11/01/1971,***-**-4143,GA
606,409,Andrea,Snyder,07/10/1981,***-**-3882,KY
607,629,Samuel,Lane,02/09/1992,***-**-2267,OK
608,305,Jennifer,Cameron,05/16/1962,***-**-7541,OR
609,297,Rodney,Cross,06/14/1985,***-**-4949,NE
610,133,Dustin,Brown,12/18/1990,***-**-3364,OR
611,125,Krista,Mack,09/30/1969,***-**-0563,SD
612,106,Luis,Ruiz,02/01/1977,***-**-4894,NV
613,335,Cassandra,Johnson,12/01/1991,***-**-0203,AL
614,648,Ruth,Nichols,07/21/1990,***-**-7608,NE
615,332,Pamela,Dean,08/15/1987,***-**-3302,CT
616,175,Beth,Lee,12/08/1961,***-**-1371,MN
617,104,Christopher,Martin,04/26/1977,***-**-9812,WY
618,314,Amanda,Johnson,09/03/1974,***-**-7153,MA
619,551,Joseph,Barnett,10/24/1959,***-**-1644,OR
620,124,Maria,Burns,11/24/1979,***-**-9488,WV
621,8,Kevin,Riley,09/05/1962,***-**-5605,WV
622,251,Brian,Reyes,07/15/1962,***-**-0510,WV
623,643,Jeffrey,Robinson,06/21/1958,***-**-6490,MO
624,238,David,Gardner,09/05/1961,***-**-8396,FL
625,303,Tracey,Downs,02/28/1974,***-**-4596,NM
626,519,Cody,Ramirez,10/15/1982,***-**-7950,LA
627,178,Heather,Gray,05/09/1981,***-**-6848,KS
628,458,Erika,Lewis,02/15/1960,***-**-9111,CO
629,207,Ronald,Maynard,11/22/1978,***-**-9020,KY
630,598,Ashley,Saunders,06/11/1991,***-**-5309,GA
631,352,Paul,Kaufman,11/02/1978,***-**-0964,IA
632,645,Nathan,Rosario,06/15/1964,***-**-5027,NY
633,146,Melissa,Nguyen,10/06/1978,***-**-1193,MN
634,51,Mitchell,Gill,07/27/1989,***-**-7598,KY
635,512,Michael,Shaw,04/18/1977,***-**-8249,OR
636,467,Crystal,Jones,12/20/1972,***-**-8160,MD
637,179,Jasmine,Harrison,12/04/1957,***-**-0602,WV
638,54,Chase,Grant,05/04/1985,***-**-1229,KS
639,570,Shawn,Kidd,04/10/1961,***-**-4240,MN
640,527,Chris,Robinson,01/24/1970,***-**-1013,SC
641,288,Carla,Smith,05/05/1969,***-**-6182,AL
642,382,Kimberly,Burns,01/30/1985,***-**-5610,CA
643,408,Lori,Sullivan,10/05/1992,***-**-4062,NY
644,147,Jennifer,Williams,02/25/1994,***-**-7025,ME
645,198,John,Lamb,03/09/1986,***-**-1494,CO
646,194,Joanne,Lamb,06/28/1974,***-**-6922,LA
647,206,David,Brown,12/27/1978,***-**-4274,DE
648,76,Scott,Leach,04/03/1985,***-**-5144,AR
649,432,Andrew,Tyler,04/08/1970,***-**-3511,IA
